{"train_loss":0.07064194437116385,"test_recall":0.9375,"_step":10,"val_f1":0.950100978495847,"_runtime":1531.1546323,"_timestamp":1.7317828938942757e+09,"_wandb":{"runtime":1532},"test_accuracy":93.75,"test_f1":0.9374634502923976,"val_loss":0.08709851062546174,"test_precision":0.944891304347826,"train_accuracy":98.59375,"val_precision":0.9546875,"val_accuracy":95,"val_recall":0.95}